<?xml version="1.0"?>
<!DOCTYPE Configure PUBLIC "-//Jetty//Configure//EN" "http://www.eclipse.org/jetty/configure_9_3.dtd">

<!-- ============================================================= -->
<!-- Configure the Jetty Server instance with an ID "Server"       -->
<!-- by adding a HTTP connector.                                   -->
<!-- This configuration must be used in conjunction with jetty.xml -->
<!-- ============================================================= -->
<Configure id="Server" class="org.eclipse.jetty.server.Server">

  <!-- =========================================================== -->
  <!-- Add a HTTP Connector.                                       -->
  <!-- Configure an o.e.j.server.ServerConnector with a single     -->
  <!-- HttpConnectionFactory instance using the common httpConfig  -->
  <!-- instance defined in jetty.xml                               -->
  <!--                                                             -->
  <!-- Consult the javadoc of o.e.j.server.ServerConnector and     -->
  <!-- o.e.j.server.HttpConnectionFactory for all configuration    -->
  <!-- that may be set here.                                       -->
  <!-- =========================================================== -->
  <Call name="addConnector">
    <Arg>
      <New id="httpConnector" class="org.eclipse.jetty.server.ServerConnector">
        <Arg name="server"><Ref refid="Server" /></Arg>
        <Arg name="acceptors" type="int"><Property name="jetty.http.acceptors" deprecated="http.acceptors" default="-1"/></Arg>
        <Arg name="selectors" type="int"><Property name="jetty.http.selectors" deprecated="http.selectors" default="-1"/></Arg>
        <Arg name="factories">
          <Array type="org.eclipse.jetty.server.ConnectionFactory">
            <Item>
              <New class="org.eclipse.jetty.server.HttpConnectionFactory">
                <Arg name="config"><Ref refid="httpConfig" /></Arg>
                <Arg name="compliance"><Call class="org.eclipse.jetty.http.HttpCompliance" name="valueOf"><Arg><Property name="jetty.http.compliance" default="RFC7230_LEGACY"/></Arg></Call></Arg>
              </New>
            </Item>
          </Array>
        </Arg>
        <Set name="host"><Property name="jetty.http.host" deprecated="jetty.host" /></Set>
        <Set name="port"><Property name="jetty.http.port" deprecated="jetty.port" default="8080" /></Set>
        <Set name="idleTimeout"><Property name="jetty.http.idleTimeout" deprecated="http.timeout" default="30000"/></Set>
        <Set name="acceptorPriorityDelta"><Property name="jetty.http.acceptorPriorityDelta" deprecated="http.acceptorPriorityDelta" default="0"/></Set>
        <Set name="acceptQueueSize"><Property name="jetty.http.acceptQueueSize" deprecated="http.acceptQueueSize" default="0"/></Set>
        <Set name="reuseAddress"><Property name="jetty.http.reuseAddress" default="true"/></Set>
        <Set name="acceptedTcpNoDelay"><Property name="jetty.http.acceptedTcpNoDelay" default="true"/></Set>
        <Set name="acceptedReceiveBufferSize"><Property name="jetty.http.acceptedReceiveBufferSize" default="-1"/></Set>
        <Set name="acceptedSendBufferSize"><Property name="jetty.http.acceptedSendBufferSize" default="-1"/></Set>
        <Get name="SelectorManager">
          <Set name="connectTimeout"><Property name="jetty.http.connectTimeout" default="15000"/></Set>
        </Get>
      </New>
    </Arg>
  </Call>

</Configure>